{"cameraMode":{"drawMode":0,"name":"Shaded","section":"Shading Mode"},"sceneLighting":false,"audioPlay":false,"sceneViewState":{"m_AlwaysRefresh":false,"showFog":true,"showSkybox":false,"showFlares":true,"showImageEffects":true,"showParticleSystems":true,"showVisualEffectGraphs":true,"m_FxEnabled":true},"in2DMode":false,"pivot":{"x":0.022746562957763673,"y":1.819758653640747,"z":-0.4806180000305176},"rotation":{"x":0.038518305867910388,"y":-0.9295356869697571,"z":0.1016271635890007,"w":0.35231882333755495},"size":4.602988243103027,"orthographic":false}