{"cameraMode":{"drawMode":0,"name":"Shaded","section":"Shading Mode"},"sceneLighting":false,"audioPlay":false,"sceneViewState":{"m_AlwaysRefresh":false,"showFog":true,"showSkybox":true,"showFlares":true,"showImageEffects":true,"showParticleSystems":true,"showVisualEffectGraphs":true,"m_FxEnabled":true},"in2DMode":false,"pivot":{"x":176.78643798828126,"y":40.86634826660156,"z":245.94290161132813},"rotation":{"x":-0.0017448551952838898,"y":0.9941366910934448,"z":-0.10718146711587906,"w":-0.016294077038764955},"size":161.41534423828126,"orthographic":true}