{"cameraMode":{"drawMode":0,"name":"Shaded","section":"Shading Mode"},"sceneLighting":false,"audioPlay":false,"sceneViewState":{"m_AlwaysRefresh":false,"showFog":true,"showSkybox":true,"showFlares":true,"showImageEffects":true,"showParticleSystems":true,"showVisualEffectGraphs":true,"m_FxEnabled":true},"in2DMode":false,"pivot":{"x":97.60307312011719,"y":-1.1391406059265137,"z":13.048676490783692},"rotation":{"x":0.18396341800689698,"y":-0.4666598439216614,"z":0.09990229457616806,"w":0.8593142032623291},"size":12.413982391357422,"orthographic":false}