{"cameraMode":{"drawMode":0,"name":"Shaded","section":"Shading Mode"},"sceneLighting":false,"audioPlay":false,"sceneViewState":{"m_AlwaysRefresh":false,"showFog":true,"showSkybox":true,"showFlares":true,"showImageEffects":true,"showParticleSystems":true,"showVisualEffectGraphs":true,"m_FxEnabled":true},"in2DMode":false,"pivot":{"x":99.82035064697266,"y":127.42664337158203,"z":-54.16908264160156},"rotation":{"x":0.29752248525619509,"y":0.0419900119304657,"z":-0.013099448755383492,"w":0.9537023305892944},"size":3.4419970512390138,"orthographic":false}