{"cameraMode":{"drawMode":0,"name":"Shaded","section":"Shading Mode"},"sceneLighting":false,"audioPlay":false,"sceneViewState":{"m_AlwaysRefresh":false,"showFog":true,"showSkybox":true,"showFlares":true,"showImageEffects":true,"showParticleSystems":true,"showVisualEffectGraphs":true,"m_FxEnabled":true},"in2DMode":false,"pivot":{"x":68.89045715332031,"y":12.040982246398926,"z":33.01047897338867},"rotation":{"x":0.3464476466178894,"y":-0.02391577884554863,"z":0.008840043097734452,"w":0.9377337694168091},"size":10.467952728271485,"orthographic":false}