{"cameraMode":{"drawMode":0,"name":"Shaded","section":"Shading Mode"},"sceneLighting":false,"audioPlay":false,"sceneViewState":{"m_AlwaysRefresh":false,"showFog":true,"showSkybox":true,"showFlares":true,"showImageEffects":true,"showParticleSystems":true,"showVisualEffectGraphs":true,"m_FxEnabled":true},"in2DMode":false,"pivot":{"x":110.14289855957031,"y":8.910054206848145,"z":20.223623275756837},"rotation":{"x":0.17812535166740418,"y":-0.18572725355625153,"z":0.03425618261098862,"w":0.9657220244407654},"size":0.39658671617507937,"orthographic":false}