{"cameraMode":{"drawMode":0,"name":"Shaded","section":"Shading Mode"},"sceneLighting":true,"audioPlay":false,"sceneViewState":{"m_AlwaysRefresh":false,"showFog":true,"showSkybox":true,"showFlares":true,"showImageEffects":true,"showParticleSystems":true,"showVisualEffectGraphs":true,"m_FxEnabled":true},"in2DMode":false,"pivot":{"x":203.39999389648438,"y":15.037500381469727,"z":97.4749984741211},"rotation":{"x":0.024576818570494653,"y":0.9561635851860046,"z":-0.27950626611709597,"w":0.08397673070430756},"size":3.3621280193328859,"orthographic":true}