{"cameraMode":{"drawMode":0,"name":"Shaded","section":"Shading Mode"},"sceneLighting":true,"audioPlay":false,"sceneViewState":{"m_AlwaysRefresh":false,"showFog":true,"showSkybox":true,"showFlares":true,"showImageEffects":true,"showParticleSystems":true,"showVisualEffectGraphs":true,"m_FxEnabled":true},"in2DMode":false,"pivot":{"x":92.23518371582031,"y":98.04300689697266,"z":125.34140014648438},"rotation":{"x":-0.4232166111469269,"y":0.037499599158763888,"z":-0.01753387041389942,"w":-0.9050688743591309},"size":109.03346252441406,"orthographic":true}