{"cameraMode":{"drawMode":0,"name":"Shaded","section":"Shading Mode"},"sceneLighting":false,"audioPlay":false,"sceneViewState":{"m_AlwaysRefresh":false,"showFog":true,"showSkybox":false,"showFlares":true,"showImageEffects":true,"showParticleSystems":true,"showVisualEffectGraphs":true,"m_FxEnabled":true},"in2DMode":false,"pivot":{"x":-0.07271051406860352,"y":1.5952478647232056,"z":0.4739142954349518},"rotation":{"x":0.17958439886569978,"y":-0.6441138386726379,"z":0.15926320850849152,"w":0.7262971997261047},"size":1.3736462593078614,"orthographic":false}