{"cameraMode":{"drawMode":0,"name":"Shaded","section":"Shading Mode"},"sceneLighting":true,"audioPlay":false,"sceneViewState":{"m_AlwaysRefresh":false,"showFog":true,"showSkybox":false,"showFlares":true,"showImageEffects":true,"showParticleSystems":true,"showVisualEffectGraphs":true,"m_FxEnabled":true},"in2DMode":false,"pivot":{"x":34.69837188720703,"y":-13.405261993408204,"z":-13.679328918457032},"rotation":{"x":0.3425460457801819,"y":0.11710364371538162,"z":-0.04307849332690239,"w":0.9311751127243042},"size":15.258153915405274,"orthographic":false}