{"cameraMode":{"drawMode":0,"name":"Shaded","section":"Shading Mode"},"sceneLighting":true,"audioPlay":false,"sceneViewState":{"m_AlwaysRefresh":false,"showFog":true,"showSkybox":false,"showFlares":true,"showImageEffects":true,"showParticleSystems":true,"showVisualEffectGraphs":true,"m_FxEnabled":true},"in2DMode":false,"pivot":{"x":-22.093704223632814,"y":-18.462207794189454,"z":-3.6054306030273439},"rotation":{"x":0.3425460457801819,"y":0.11710364371538162,"z":-0.04307849332690239,"w":0.9311751127243042},"size":50.51428985595703,"orthographic":false}